ETH,"[-0.0003098751999993965, -0.0010372838000006369, -0.0008398690000001352, -0.0002231346000002077, -0.0003115539999998873, -0.0004057703999995965, 7.847549999951298e-05, -5.907040000067809e-05, -0.0001098155000005363, -0.0001928000000003749, -0.00021034869999994043, -0.00014313399999991817, 0.00015717760000029556, -0.0002662112000001571]"
LTC,"[-3.051999999996724e-05, -3.654000000004487e-05, -3.6110000000064705e-05, -3.697000000002504e-05, -3.051999999996724e-05, -3.051999999996724e-05, 9.311490000001754e-05, 8.493919999999377e-05, -7.008800000001259e-05, 0.00011795299999995734, 0.0001235495000000242, 0.0001325899999999791, 0.00017219599999997116, 7.219599999992e-05]"
BNB,"[1.594128000000694e-05, -8.068298000001306e-05, 0.0001026200399999766, 3.8109079999948395e-05, 4.19412800000174e-05, 0.00015994128000002662, 2.830234999997572e-05, -4.54400000045041e-07, -9.121300000003885e-05, 0.0002477383599999783, -1.194114000000468e-05, -7.493799999984674e-06, 0.00010759599999996539, 2.1486319999972637e-05]"
NEO,"[0.00013204240000003865, 1.9894799999988776e-05, -5.573410000000223e-05, -0.00010604069999999411, 4.625880000002525e-05, 4.625880000002525e-05, -0.00012006780000000106, -0.00019298240000001243, -0.0002790230000000449, -0.00021638519999999772, -0.00021438579999998096, -0.00021115599999998124, -0.00019700639999999935, -3.700640000001698e-05]"
BCC,"[0.0, 0.0, 0.0, 0.0, 0.0, 0.0, 0.0, 0.0, 0.0, 0.0, 0.0, 0.0, 0.0, 0.0]"
MCO,"[0.0001395030799999919, 0.00013897065999999292, 0.00013900868999999538, 0.00013893262999999047, 0.0001395030799999919, 0.0001395030799999919, 0.00014889648999999672, 0.0001481739199999943, 0.00015163464999998766, 0.00015889837999998768, 0.00015939276999999308, 0.00016019139999999156, 0.00016369015999998738, 0.00016369015999998738]"
WTC,"[1.4881120000000414e-05, 1.4840239999999727e-05, 1.4843159999999855e-05, 1.48373199999996e-05, 1.4881120000000414e-05, 1.4881120000000414e-05, 1.5602359999999928e-05, 1.554687999999971e-05, 1.5812599999999734e-05, 1.6370319999999827e-05, 1.6408280000000385e-05, 1.646959999999975e-05, 1.6738239999999903e-05, 1.6738239999999903e-05]"
LRC,"[-7.833119999997584e-07, -8.044240000001923e-07, -8.029160000000423e-07, -8.059320000000647e-07, -7.833119999997584e-07, -7.833119999997584e-07, -4.108359999999145e-07, -4.394879999999879e-07, -2.41857000000012e-06, -2.130924000000034e-06, -2.1113459999999585e-06, -2.079720000000007e-06, -1.941168000000049e-06, -1.941168000000049e-06]"
QTUM,"[1.1757359999999828e-05, 1.1473719999997023e-05, 1.1493979999999127e-05, 1.145345999999936e-05, 1.1757359999999828e-05, 1.1757359999999828e-05, 1.676157999999983e-05, -3.0427200000016088e-06, -1.1981500000013412e-06, -1.732657999999887e-05, -3.7063069999998535e-05, -4.886000000001722e-06, -3.018400000001087e-06, -3.018400000001087e-06]"
OMG,"[-1.7640039999995416e-05, -1.8068579999996893e-05, -5.503797000000254e-05, -2.3364560000000976e-05, -9.013159999997633e-06, -9.013159999997633e-06, -3.432729999999218e-06, 3.388735999999781e-05, 1.168469999999644e-05, 1.7556039999999663e-05, 3.912284000000099e-05, 3.976879999999738e-05, 4.259871999999998e-05, 1.084456000000067e-05]"
ZRX,"[-5.255027999999662e-06, -5.299505999999954e-06, -5.296329000000211e-06, -5.302683000000253e-06, -4.255027999999772e-06, -4.255027999999772e-06, -3.4703089999998938e-06, -7.530671999999572e-06, -8.241565000000061e-06, -1.063475799999991e-05, -1.0593456999999362e-05, -1.0526739999999758e-05, 5.642623999999597e-06, 1.6426239999994818e-06]"
STRAT,"[-7.734408000000248e-06, -7.786516000000687e-06, -7.782794000000259e-06, -7.79023800000056e-06, -7.734408000000248e-06, -7.734408000000248e-06, -6.815074000000032e-06, -5.827728000000198e-06, -4.430780000000412e-06, -3.719496000000322e-06, -1.5543660000000292e-06, -1.476120000000747e-06, -2.133328000000212e-06, -2.133328000000212e-06]"
KNC,"[1.879814000000035e-05, 1.8681029999999544e-05, 2.0805041000000468e-05, 2.078830699999923e-05, 2.0913812000000755e-05, 2.0913812000000755e-05, 2.9804610000006006e-06, 1.9750511999999664e-05, 9.083549999998608e-06, -4.384722000000396e-06, -1.8033629999999466e-05, -1.679822000000053e-05, -2.2624320000008692e-06, -2.02564560000007e-05]"
FUN,"[-7.740999999999998e-07, -7.744500000000021e-07, -7.744250000000022e-07, -7.744750000000019e-07, -7.740999999999998e-07, -7.740999999999998e-07, -7.679250000000017e-07, -7.684000000000033e-07, -7.661250000000038e-07, -7.613500000000018e-07, -7.610249999999994e-07, -7.605000000000025e-07, -7.582000000000032e-07, -7.582000000000032e-07]"
IOTA,"[1.2205680000001995e-06, 1.1878359999997756e-06, -2.8098260000000708e-06, -1.7566809999999822e-06, -1.7215959999997144e-06, -1.7215959999997144e-06, 3.0386000000048875e-08, -1.4112000000232606e-08, -7.428349999999418e-07, -1.2369760000002782e-06, 9.685730000003056e-07, 1.017859999999926e-06, 2.2922559999996596e-06, 2.2922559999996596e-06]"
LINK,"[8.543254400001033e-05, 2.528868799998918e-05, 2.2370392000006234e-05, 2.520698399999688e-05, 1.643254400001126e-05, 1.643254400001126e-05, 4.4020013000007905e-05, -6.179057600000704e-05, -2.878196000001054e-05, -1.213028000000449e-05, -1.700826100000441e-05, 6.770997999998585e-05, 7.021958400001083e-05, 6.921958399999539e-05]"
MTL,"[2.7672920000004764e-06, 2.7281340000001595e-06, 2.730931000000103e-06, 2.7253370000002164e-06, 2.7672920000004764e-06, 2.7672920000004764e-06, 3.4581510000003535e-06, 3.4050080000003204e-06, 9.659535000000053e-06, 1.0193762000000329e-05, 7.0550460000001756e-06, 7.113719999999879e-06, 7.370768000000139e-06, 7.370768000000139e-06]"
EOS,"[6.067880000002468e-06, 2.7202599999975874e-06, 7.745090000002008e-06, 8.695429999998616e-06, 6.067880000002468e-06, 6.067880000002468e-06, 1.6200600000004783e-06, -1.5851520000000895e-05, -4.429799999998707e-06, 8.980999999996797e-07, -5.77884999999334e-06, 1.6742999999999064e-05, 1.9029200000000302e-05, 5.444480000003083e-06]"
ETC,"[1.8558000000012952e-06, 3.169100000004477e-06, 3.2181500000039165e-06, 3.1200500000050368e-06, -1.4091199999999304e-06, -1.4091199999999304e-06, 3.071363999999299e-05, 4.978111999999868e-05, 2.424739999999481e-05, 2.4788600000000825e-05, 2.5426900000002916e-05, 4.645799999999589e-05, 5.0975199999996333e-05, 5.0975199999996333e-05]"
ZEC,"[0.0002318184000000656, 2.3846800000058012e-05, 2.4416200000061395e-05, 0.00023484159999995313, -0.00028553239999993705, -0.00028553239999993705, -0.0007449646999999971, -0.0012557776000000588, 9.487399999997592e-05, 3.8968000000494385e-06, -0.00019451869999997484, 0.00025833199999993897, 0.00011090080000002445, 0.0005284423999999177]"
BNT,"[1.4300320000000255e-05, 1.4158639999999334e-05, 1.4168759999999559e-05, 1.4148519999999109e-05, 1.0184648000002294e-05, 1.0184648000002294e-05, 1.2683794000001303e-05, 1.2491552000000184e-05, 4.947050000001507e-06, 8.878059999999354e-06, 9.009490000000398e-06, 2.7214259999999158e-05, 2.814594399999981e-05, 2.814594399999981e-05]"
DASH,"[0.00039563199999989254, 0.00038706399999995257, 0.00038767599999985693, 0.0003864519999999061, 0.00039563199999989254, -0.00010436800000007907, -0.00025320400000012456, -0.00023579999999995494, -0.00028006250000004227, -0.00023390200000008576, 0.00047990290000001325, 0.0007044539999999699, -0.00013912240000010456, -0.00013912240000010456]"
TRX,"[6.49680000000194e-08, 6.163599999997604e-08, 6.187399999999648e-08, -1.3860200000000155e-07, -1.3503199999997246e-07, -1.192867999999965e-06, -1.1343289999999825e-06, -1.1388320000000132e-06, -1.1172649999999923e-06, -1.2719979999999824e-06, -1.2689169999999596e-06, -2.0556000000001434e-07, -1.8366400000000698e-07, 8.748079999999769e-07]"
XRP,"[8.589960000002228e-07, 8.266419999999885e-07, 3.289530000000207e-07, 3.24330999999789e-07, 5.8995999999977846e-08, 5.8995999999977846e-08, -4.701870000001218e-07, 4.396799999972778e-08, 6.125149999999802e-07, -4.570199999998081e-08, 4.843670000001521e-07, 3.3293999999989276e-07, 4.457359999998634e-07, 5.457359999999633e-07]"
ENJ,"[2.4435200000003097e-06, 2.425040000000045e-06, 2.426360000000183e-06, 2.4237200000001845e-06, 2.4435200000003097e-06, 2.4435200000003097e-06, 2.7695600000002265e-06, -8.55520000000165e-07, 1.839064999999973e-06, -1.149896000000039e-06, -2.6326839999998854e-06, 2.695119999999718e-06, 2.8169279999998298e-06, 2.8169279999998298e-06]"
STORJ,"[2.5138200000007773e-06, 2.4543900000001397e-06, 2.458634999999987e-06, 2.450145000000292e-06, 2.5138200000007773e-06, 2.5138200000007773e-06, 3.5623350000002495e-06, 4.539743999999457e-06, -2.5970000000041793e-07, 1.0487495999998985e-05, -2.5736339999998805e-06, -4.425500000000415e-06, 3.3830799999995385e-06, 3.3830799999995385e-06]"
VEN,"[0.0, 0.0, 0.0, 0.0, 0.0, 0.0, 0.0, 0.0, 0.0, 0.0, 0.0, 0.0, 0.0, 0.0]"
KMD,"[-2.9495400000000283e-05, -2.9563300000000625e-05, -2.9558450000000124e-05, -2.9568150000001124e-05, -2.9495400000000283e-05, -2.9495400000000283e-05, -2.8297449999999947e-05, -2.838960000000057e-05, -2.7948250000000564e-05, -2.7021900000000487e-05, -2.6958850000000644e-05, -2.685700000000013e-05, -2.6410800000000733e-05, -2.6410800000000733e-05]"
NULS,"[1.0881080000002541e-06, 1.0551659999999407e-06, 1.0575190000000622e-06, 1.0528129999998192e-06, 1.0881080000002541e-06, 1.0881080000002541e-06, 1.669299000000013e-06, 1.6245919999999247e-06, 1.8387149999998798e-06, 2.288137999999773e-06, 2.318726999999965e-06, 2.3681400000000187e-06, 2.5846159999998177e-06, 2.5846159999998177e-06]"
XMR,"[0.0012477515999998446, -0.0009065572000000089, -0.0003766583000000878, -0.000590198300000111, -0.0005753828000000283, -0.0007753827999999885, -0.0003198042999999018, 0.00040207039999998526, -3.236550000011107e-05, -0.0002732794000002059, -0.0006837387000001627, -0.000662934000000206, -7.178960000018719e-05, -7.178960000018719e-05]"
BAT,"[1.8790839999999199e-06, 1.8515179999997743e-06, 2.8534869999999324e-06, 2.849548999999951e-06, 2.8790840000000873e-06, 2.8790840000000873e-06, 3.3654269999999764e-06, 3.328015999999878e-06, 1.6816599999999738e-06, -1.9416880000000526e-06, 1.0839479999999457e-06, -9.913999999999756e-07, -3.810160000000118e-06, -6.347440000001314e-07]"
GXS,"[-1.804969200000006e-05, -1.8102934000000514e-05, -1.8099131000000046e-05, -1.810673700000043e-05, -1.804969200000006e-05, -1.804969200000006e-05, -1.7110351000000356e-05, -1.7182608000000375e-05, -1.6836535000000484e-05, -1.6110162000000372e-05, -1.6060722999999834e-05, -1.598086000000054e-05, -1.5630984000000182e-05, -1.5630984000000182e-05]"
BTS,"[-7.630280000000059e-07, -7.655060000000269e-07, -7.653290000000229e-07, -7.656830000000309e-07, -7.630280000000059e-07, -7.630280000000059e-07, -7.193089999999944e-07, -1.0226720000000231e-06, -1.006565000000008e-06, -9.727580000000112e-07, -8.704569999999981e-07, -8.667400000000186e-07, -8.504559999999995e-07, -8.504559999999995e-07]"
XZC,"[8.080828000000207e-05, 8.033605999999694e-05, 8.036978999999889e-05, 8.030232999999942e-05, 8.080828000000207e-05, 8.080828000000207e-05, 8.913959000000027e-05, 8.84987199999987e-05, 9.156814999999874e-05, 9.801057999999862e-05, 9.84490700000018e-05, 9.91573999999984e-05, 0.00010226056000000039, 0.00010226056000000039]"
LSK,"[1.521443999999983e-05, 1.5077379999999252e-05, 1.5087169999998817e-05, 1.5067589999997466e-05, 1.521443999999983e-05, 1.521443999999983e-05, 1.763256999999907e-05, 1.7446559999998445e-05, 1.8337449999998867e-05, 2.020733999999802e-05, 3.091819999999856e-05, 3.112399999999793e-05, 3.2025599999998544e-05, 3.2025599999998544e-05]"
MANA,"[1.8609399999999776e-06, 1.851629999999882e-06, 1.8522949999999482e-06, 1.8509649999999545e-06, 1.8609399999999776e-06, 1.8609399999999776e-06, 2.02519499999998e-06, 2.012559999999969e-06, 2.0730749999998967e-06, 2.2000899999999323e-06, 2.2087349999999615e-06, 2.2226999999999665e-06, 2.2838799999999603e-06, 2.2838799999999603e-06]"
ADA,"[-1.4561879999999693e-06, -1.168326000000053e-06, -1.56745899999991e-06, -5.355100000006829e-08, -1.5983519999999974e-06, -8.983519999999912e-07, -2.258730000000153e-07, -5.843200000001103e-07, 2.5300499999991734e-07, 3.193659999999043e-07, 3.306890000000229e-07, -1.151020000000058e-06, -4.1241600000019305e-07, -1.770888000000026e-06]"
XLM,"[-1.234207999999959e-06, -1.4436160000000365e-06, -1.4429440000000848e-06, -9.442880000000431e-07, -9.342079999999365e-07, -9.342079999999365e-07, -7.682239999999563e-07, -1.7809920000000368e-06, -3.529999999946076e-09, 1.2520399999993437e-07, 6.923250000000214e-07, 7.064999999999155e-07, 7.685999999998416e-07, 8.685999999998029e-07]"
LEND,"[3.0305600000002376e-06, 2.9751199999994425e-06, 1.6730778999999863e-05, 1.672283299999966e-05, 6.298100000000085e-06, 2.5137720000001364e-06, -3.436240999999951e-06, -3.511728000000214e-06, -1.384945000000304e-06, -1.1827680000003893e-06, -4.147589999999868e-06, -5.122180000000642e-06, 4.295639999999934e-06, -2.1797760000008547e-06]"
WAVES,"[-4.410519999997753e-06, -4.69654000000208e-06, -4.676109999999234e-06, -4.7169700000004865e-06, -4.410519999997753e-06, -4.410519999997753e-06, 6.356899999993004e-07, -1.0333120000001195e-05, 9.922149999996854e-06, -2.3156619999999962e-05, -3.347332000000147e-05, -3.3042400000002914e-05, -1.298511999999974e-05, 1.3091279999999373e-05]"
GTO,"[-2.876760000000006e-07, -2.8850200000001337e-07, -2.884430000000063e-07, -2.885610000000118e-07, -2.876760000000006e-07, -2.876760000000006e-07, -2.7310300000000546e-07, -2.742240000000104e-07, -2.6885500000001404e-07, -2.575860000000093e-07, -2.568190000000036e-07, -2.5558000000001045e-07, -2.501520000000156e-07, -2.501520000000156e-07]"
ICX,"[4.8830599999999395e-06, 4.836369999999257e-06, -2.1602950000004785e-06, -2.166965000000576e-06, -4.11694000000018e-06, -2.1169399999998453e-06, -1.2931950000000248e-06, 9.337599999997836e-07, 2.2376999999995652e-06, 1.2257160000000989e-06, 1.3275730000000818e-06, 1.397859999999751e-06, 5.056615999999847e-06, 8.115087999999716e-06]"
AION,"[-3.845027999999917e-06, -3.8545059999998965e-06, -3.853828999999948e-06, -3.855182999999984e-06, -3.845027999999917e-06, -3.845027999999917e-06, -3.677808999999893e-06, -3.690671999999895e-06, -3.629064999999959e-06, -3.4997579999999916e-06, -2.4325979999999248e-06, -2.4183599999999527e-06, -2.35598399999995e-06, -2.35598399999995e-06]"
RLC,"[3.124392000000142e-06, 3.026083999999596e-06, 3.033105999999952e-06, 3.0190619999992396e-06, 3.124392000000142e-06, -6.974491999999221e-06, 7.452244999999191e-06, 1.706087999999939e-05, 9.818284999998373e-06, -5.835738000000701e-06, -5.7441270000002654e-06, -5.596140000000416e-06, -1.6591007999999796e-05, -1.6591007999999796e-05]"
IOST,"[-8.938719999999987e-07, -8.945440000000023e-07, -8.544960000000067e-07, -8.545920000000134e-07, -8.538720000000021e-07, -8.638720000000034e-07, -8.52016000000011e-07, -8.829280000000051e-07, -9.385600000000067e-07, -9.793920000000094e-07, -9.787680000000049e-07, -9.77760000000008e-07, -9.733440000000114e-07, -9.733440000000114e-07]"
NANO,"[-2.6547319999998818e-05, -2.664014000000048e-05, 1.9366489999999015e-05, 1.935322999999878e-05, 1.9452680000000555e-05, 1.9452680000000555e-05, 1.050945999999886e-05, 1.0383679999999008e-05, 1.0986099999998888e-05, 7.417440000000441e-06, 6.503760000000635e-06, -3.940599999999739e-06, -4.33064000000094e-06, -4.33064000000094e-06]"
BLZ,"[3.519552000000037e-06, -7.233840000001046e-07, -7.22556000000013e-07, -7.242120000000574e-07, -1.8117919999999233e-06, -1.8117919999999233e-06, -1.6072759999999352e-06, -3.323008000000044e-06, -8.73195000000021e-07, 1.0772559999998322e-06, 2.146482999999949e-06, 2.1640599999998843e-06, 2.2410639999997928e-06, 2.2410639999997928e-06]"
ZIL,"[-1.992239999999701e-07, -1.5479999999901127e-09, -1.381999999994221e-09, -1.714000000020699e-09, 7.760000000217593e-10, 7.760000000217593e-10, 4.177800000001314e-08, 3.862399999998711e-08, -2.462700000000276e-07, -5.145640000000021e-07, -5.124059999999861e-07, -5.08920000000003e-07, -8.93647999999983e-07, -8.93647999999983e-07]"
ONT,"[-9.87879999999608e-07, 3.517960000000153e-06, 5.523139999999982e-06, 6.512779999999774e-06, 6.590480000000509e-06, 6.590480000000509e-06, 7.869939999999299e-06, 7.715199999991374e-07, -7.571000000006212e-07, -7.767720000001477e-06, -8.70038000000073e-06, -7.59160000000092e-06, -7.1150400000008495e-06, -7.1150400000008495e-06]"
STORM,"[0.0, 0.0, 0.0, 0.0, 0.0, 0.0, 0.0, 0.0, 0.0, 0.0, 0.0, 0.0, 0.0, 0.0]"
WAN,"[-2.760800000000119e-06, -2.7916000000002826e-06, -2.7894000000003307e-06, -2.7938000000005127e-06, -2.760800000000119e-06, -2.760800000000119e-06, 2.259852999999812e-06, 9.624671999999834e-06, 9.824689999999858e-06, 1.0244507999999653e-05, 8.331441000000161e-06, 8.37761999999992e-06, 8.579928000000126e-06, 8.579928000000126e-06]"
REP,"[-0.0004502767999999868, -0.000451973600000013, -0.0004518524000000035, -0.00045209480000000466, -0.0004502767999999868, -0.0004502767999999868, -0.00042034040000000773, -0.0004226432000000102, -0.00041161400000000014, -0.000388464800000019, -0.00038688920000000236, -0.00038434400000001643, -0.0003731936000000147, -0.0003731936000000147]"
TUSD,"[-0.01, -0.01, -0.01, -0.01, -0.01, -0.01, -0.01, -0.01, -0.01, -0.01, -0.01, -0.01, -0.01, -0.01]"
ZEN,"[0.0001157922400000011, 0.0001151154799999965, 0.00011516381999999048, 0.00011506713999999363, 0.0001157922400000011, 0.0001157922400000011, 0.0001277322199999986, 0.00012681375999998857, 0.00013121269999999185, 0.00014044563999998872, 9.10740600000004e-05, 9.208919999998954e-05, 9.653647999999571e-05, 9.653647999999571e-05]"
CVC,"[9.082480000000004e-07, 9.051959999999485e-07, 9.054139999999794e-07, 9.049779999999522e-07, 9.082480000000004e-07, 9.082480000000004e-07, 9.620939999999828e-07, 9.579519999999495e-07, 9.777899999999576e-07, 1.019427999999975e-06, 1.022261999999996e-06, 1.0268399999999525e-06, 1.046895999999957e-06, 1.046895999999957e-06]"
THETA,"[1.6151904000000218e-05, 1.6361408000000743e-05, 1.6267871999999794e-05, 1.625494399999927e-05, 1.3551904000000948e-05, 1.5614592000001704e-05, 1.651317600000035e-05, 1.0385920000000048e-06, 1.2267794999999415e-05, 1.3607193999999323e-05, 1.3791550999999735e-05, 2.3948600000001096e-06, -4.336639999991121e-07, -4.336639999991121e-07]"
IOTX,"[3.2150400000000023e-07, 3.2060799999999826e-07, 3.206719999999941e-07, 3.205439999999938e-07, 3.2150400000000023e-07, 3.2150400000000023e-07, 3.3731200000000455e-07, 3.3609599999999756e-07, 3.419199999999973e-07, 3.541439999999937e-07, 3.549759999999999e-07, 3.563199999999985e-07, 3.622079999999941e-07, 3.622079999999941e-07]"
DATA,"[-1.3353719999999875e-06, -1.3412940000000206e-06, -1.3408710000000629e-06, -1.3417170000000477e-06, -1.935371999999963e-06, -1.935371999999963e-06, -7.728080000000276e-07, -7.808640000000339e-07, 8.158749999999382e-07, 8.970499999999548e-07, 9.025750000000305e-07, 9.114999999999818e-07, -1.766344000000003e-06, -1.766344000000003e-06]"
SC,"[-8.91936000000002e-07, -8.922720000000038e-07, -8.922480000000043e-07, -8.922960000000077e-07, -8.91936000000002e-07, -8.91936000000002e-07, -8.860080000000058e-07, -8.864640000000053e-07, -8.842800000000064e-07, -8.796960000000045e-07, -8.793840000000021e-07, -8.788800000000038e-07, -8.766720000000054e-07, -8.766720000000054e-07]"
NPXS,"[-1.295e-06, -1.295e-06, -1.295e-06, -1.295e-06, -1.295e-06, -1.295e-06, -1.295e-06, -1.295e-06, -1.295e-06, -1.295e-06, -1.295e-06, -1.295e-06, -1.295e-06, -1.295e-06]"
KEY,"[-1.665e-05, -1.665e-05, -1.665e-05, -1.665e-05, -1.665e-05, -1.665e-05, -1.662e-05, -1.661e-05, -1.662e-05, -1.662e-05, -1.662e-05, -1.662e-05, -1.662e-05, -1.662e-05]"
MFT,"[-1.388e-05, -1.388e-05, -1.388e-05, -1.388e-05, -1.388e-05, -1.388e-05, -1.388e-05, -1.388e-05, -1.388e-05, -1.388e-05, -1.388e-05, -1.392e-05, -1.392e-05, -1.392e-05]"
DENT,"[-2.001e-06, -2.001e-06, -2.001e-06, -2.001e-06, -2.001e-06, -2.001e-06, -2.001e-06, -2.001e-06, -2.001e-06, -2.001e-06, -2.001e-06, -2.001e-06, -2.001e-06, -2.001e-06]"
ARDR,"[-5.245519999999559e-07, -5.30404000000026e-07, 1.1700139999999693e-06, 1.1691779999999098e-06, 1.1754480000000096e-06, 1.1754480000000096e-06, 1.2786939999999413e-06, 1.2707519999999307e-06, 1.3087899999999348e-06, 1.3886279999999336e-06, 1.3940619999999737e-06, 1.4028399999999746e-06, 1.4412959999999392e-06, 1.4412959999999392e-06]"
HOT,"[-1.966559999999997e-07, -1.967119999999998e-07, -1.9670800000000007e-07, -1.967160000000001e-07, -1.966559999999997e-07, -1.966559999999997e-07, -1.9566799999999942e-07, -1.9574399999999988e-07, -1.953799999999999e-07, -1.946160000000001e-07, -1.9456399999999973e-07, -1.924800000000003e-07, -1.9211200000000058e-07, -1.9211200000000058e-07]"
VET,"[9.244199999999987e-07, 9.530900000000002e-07, 9.531850000000023e-07, -5.4826000000004345e-08, 9.344200000000087e-07, 9.344200000000087e-07, 8.578850000000131e-07, 6.960800000000052e-07, 6.847249999999972e-07, 5.628699999999862e-07, 4.941049999999947e-07, 5.460999999999834e-07, 4.6483999999999415e-07, 5.148399999999921e-07]"
DOCK,"[1.0930760000000052e-06, 1.091801999999996e-06, 1.0918929999999965e-06, 1.0917109999999953e-06, 1.0930760000000052e-06, 1.0930760000000052e-06, 1.1155529999999982e-06, 1.1138240000000028e-06, 1.1221049999999949e-06, 1.139486000000002e-06, 1.1406690000000107e-06, 1.1425799999999902e-06, 9.247999999999895e-08, 9.247999999999895e-08]"
HC,"[2.777048000000004e-05, 2.7627959999998453e-05, 2.7638139999999202e-05, 2.7617779999997703e-05, 2.777048000000004e-05, 2.777048000000004e-05, 3.028493999999826e-05, 3.0091519999997374e-05, 3.101789999999882e-05, 3.2962279999997343e-05, 3.3094619999998185e-05, 3.330839999999835e-05, 3.4244959999998325e-05, 3.4244959999998325e-05]"
PAX,"[-0.009999000000000001, -0.009999000000000001, -0.01, -0.01, -0.009999000000000001, -0.009999000000000001, -0.009999000000000001, -0.009999000000000001, -0.009999000000000001, -0.009999000000000001, -0.009999000000000001, -0.009999000000000001, -0.009999000000000001, -0.009999000000000001]"
RVN,"[-5.910240000000025e-07, -5.926480000000185e-07, -5.925320000000136e-07, -5.927640000000234e-07, -5.910240000000025e-07, -6.910239999999984e-07, -6.623720000000117e-07, -6.645760000000174e-07, -9.540200000000311e-07, -8.318640000000086e-07, -8.303559999999973e-07, -8.279200000000167e-07, -8.172480000000204e-07, -8.172480000000204e-07]"
DCR,"[-3.986920000000893e-05, -4.134340000002013e-05, -4.123810000002948e-05, -4.144870000002854e-05, -3.986920000000893e-05, -3.986920000000893e-05, -1.3860100000009368e-05, -1.5860800000027097e-05, -6.278500000025389e-06, 1.3833799999964924e-05, 1.520269999998547e-05, 1.7413999999966735e-05, 2.7101599999976854e-05, 2.7101599999976854e-05]"
MITH,"[7.026200000000062e-07, 7.019899999999995e-07, 7.020350000000019e-07, 7.019449999999972e-07, 7.026200000000062e-07, 7.026200000000062e-07, 7.137350000000018e-07, 7.128800000000008e-07, 7.169749999999964e-07, 7.2557e-07, 7.261550000000044e-07, 7.271000000000014e-07, 7.312399999999993e-07, 7.312399999999993e-07]"
BCH,"[-0.0005024299999999471, -2.3239999998736495e-06, -2.6599999984000535e-07, -4.381999999907294e-06, -0.0002677284000000668, -0.0002677284000000668, 0.00024062229999969987, -0.00016364320000008091, -8.21170000000393e-05, -0.0012889244000001555, -0.0012621626000000675, -0.00047806600000001255, 0.0006113895999999386, 0.0003996951999999965]"
BSV,"[0.0, 0.0, 0.0, 0.0, 0.0, 0.0, 0.0, 0.0, 0.0, 0.0, 0.0, 0.0, 0.0, 0.0]"
REN,"[5.716784000000252e-06, 5.688167999999827e-06, 5.902120000000899e-07, 5.861239999999101e-07, 6.167840000004255e-07, -1.4988879999996985e-06, 3.237818000000059e-06, 5.82815999999875e-07, -1.05671500000043e-06, 4.24268399999983e-06, 4.861040000000983e-07, -1.170720000000236e-06, -9.815680000002658e-07, -9.815680000002658e-07]"
BTT,"[-3.055e-06, -3.055e-06, -3.053e-06, -3.053e-06, -3.056e-06, -3.056e-06, -3.056e-06, -3.056e-06, -3.057e-06, -3.057e-06, -3.057e-06, -3.057e-06, -3.06e-06, -3.0590000000000003e-06]"
ONG,"[3.376800000023938e-08, 1.9236000000089072e-08, 2.027400000007007e-08, 1.8197999999969294e-08, 3.376800000023938e-08, 3.376800000023938e-08, 2.901540000001257e-07, 2.704320000000704e-07, 3.648900000000066e-07, 5.631479999999855e-07, 5.766420000001549e-07, 5.984400000000334e-07, 6.939360000000893e-07, 6.939360000000893e-07]"
FET,"[1.0194000000005032e-07, 9.612999999998595e-08, 9.654499999997568e-08, 9.571499999999622e-08, 1.0194000000005032e-07, 1.0194000000005032e-07, -8.536379999999483e-07, -8.615039999999852e-07, -8.238299999999837e-07, -7.447559999999853e-07, -2.43937399999998e-06, -2.43068000000006e-06, -2.3925920000000127e-06, -2.3925920000000127e-06]"
CELR,"[8.209600000000112e-08, 8.159199999999839e-08, 8.162799999999765e-08, 8.155599999999479e-08, 8.209600000000112e-08, 8.209600000000112e-08, -9.012000000002685e-09, -2.0969600000000228e-07, -2.0642000000000404e-07, -1.9954400000000548e-07, -1.9907600000000201e-07, -1.9832000000000444e-07, -1.950080000000026e-07, -1.950080000000026e-07]"
MATIC,"[-3.462400000000046e-07, -3.484800000000052e-07, -3.4832000000002e-07, -3.48640000000025e-07, -3.462400000000046e-07, -3.462400000000046e-07, -3.067199999999895e-07, -3.0976000000002e-07, -2.952000000000163e-07, 7.937059999999982e-07, -2.625599999999881e-07, -1.59200000000026e-07, -1.444800000000024e-07, -1.444800000000024e-07]"
ATOM,"[-1.1839000000000155e-05, -1.2465500000011787e-05, -5.2420749999999574e-05, -7.366667000000327e-05, -7.299571999999977e-05, -7.299571999999977e-05, -4.1947410000000574e-05, 2.0686559999996134e-05, 4.592554999999443e-05, -1.259843999999788e-05, -1.2015259999991202e-05, 8.126200000000417e-05, 8.539279999999927e-05, 8.539279999999927e-05]"
TFUEL,"[8.395679999999989e-07, 8.483360000000051e-07, 8.484240000000005e-07, 8.482480000000098e-07, 8.495680000000088e-07, 8.495680000000088e-07, 8.713040000000137e-07, 8.696319999999987e-07, 8.776400000000059e-07, 8.944479999999956e-07, 8.955920000000041e-07, 8.974400000000098e-07, 9.05535999999995e-07, 9.05535999999995e-07]"
ONE,"[2.291119999999966e-07, 2.2852399999999557e-07, 2.2856599999999255e-07, 2.2848199999998994e-07, 2.291119999999966e-07, 2.291119999999966e-07, 2.3948599999999537e-07, 2.3868799999999214e-07, 2.425099999999944e-07, 2.505319999999891e-07, 2.510780000000018e-07, 2.519599999999903e-07, 2.5582399999999823e-07, 2.5582399999999823e-07]"
FTM,"[-1.1339199999994832e-07, -1.1658399999999597e-07, -1.1635599999997026e-07, -1.1681199999998698e-07, -1.1339199999994832e-07, -1.1339199999994832e-07, -1.5707600000001294e-07, -6.140799999998503e-08, -7.406599999999763e-07, -9.971120000000153e-07, -9.941479999999932e-07, -9.893600000000086e-07, -9.683840000000026e-07, -8.68383999999972e-07]"
ALGO,"[-1.8595879999999676e-06, -2.8976260000002087e-06, 1.336382999999608e-06, 1.0996569999999207e-06, 2.02474000000008e-06, 2.02474000000008e-06, 2.6953450000000157e-06, -1.2981759999997066e-06, 2.9791000000001233e-07, 2.1678879999997846e-06, -1.6799300000003293e-06, 3.190199999997256e-07, -3.129680000002466e-07, -1.3714400000003345e-06]"
ERD,"[0.0, 0.0, 0.0, 0.0, 0.0, 0.0, 0.0, 0.0, 0.0, 0.0, 0.0, 0.0, 0.0, 0.0]"
DOGE,"[-4.699360000000015e-07, -4.702720000000033e-07, -4.7024800000000383e-07, 5.745249999999967e-07, 5.748999999999988e-07, -4.819359999999996e-07, -4.7400800000000666e-07, -5.264640000000051e-07, -5.042800000000037e-07, -5.236960000000023e-07, -5.23384e-07, -5.228800000000016e-07, -5.326720000000057e-07, -5.326720000000057e-07]"
DUSK,"[1.1255999999987276e-08, 6.411999999983431e-09, 6.7579999999539674e-09, 6.0659999999435056e-09, 1.1255999999987276e-08, 1.1255999999987276e-08, 9.671799999999564e-08, 9.014399999993094e-08, 1.2162999999995594e-07, 1.8771599999994892e-07, 1.9221399999998224e-07, 1.99479999999988e-07, 2.3131199999998354e-07, 2.3131199999998354e-07]"
ANKR,"[2.831440000000077e-07, 2.8238800000000146e-07, 2.824420000000025e-07, 2.823340000000004e-07, 2.5314400000000377e-07, 2.5314400000000377e-07, 2.6648199999999846e-07, 2.654559999999955e-07, 2.703699999999972e-07, 2.8068399999999285e-07, 2.8138599999999804e-07, 2.8251999999999446e-07, 2.874879999999972e-07, 2.874879999999972e-07]"
WIN,"[-7.949999999999999e-07, -7.949999999999999e-07, -7.949999999999999e-07, -7.949999999999999e-07, -7.96e-07, -7.96e-07, -7.96e-07, -7.94e-07, -7.97e-07, -7.96e-07, -7.98e-07, -7.949999999999999e-07, -7.949999999999999e-07, -7.949999999999999e-07]"
COS,"[-5.984960000000005e-07, -5.993920000000025e-07, -5.993280000000066e-07, -5.994560000000069e-07, -5.984960000000005e-07, -5.984960000000005e-07, -5.826879999999961e-07, -5.839040000000031e-07, -5.780800000000034e-07, -5.658560000000069e-07, -5.650240000000008e-07, -5.636800000000022e-07, -5.577920000000066e-07, -5.577920000000066e-07]"
COCOS,"[-3.13e-06, -3.13e-06, -3.13e-06, -3.1199999999999998e-06, -3.1199999999999998e-06, -3.1199999999999998e-06, -3.1199999999999998e-06, -3.1199999999999998e-06, -3.14e-06, -3.14e-06, -3.14e-06, -3.14e-06, -3.14e-06, -3.14e-06]"
TOMO,"[-1.1976527999999486e-05, -6.176900000000041e-06, -4.1130270000000465e-06, -3.3125129000000086e-05, 5.850439999999235e-07, 2.55850440000005e-05, -1.4816839999998165e-06, 3.202912000000002e-05, -2.204050000009783e-07, 8.34337599999957e-06, 1.934005399999994e-05, 1.3468279999999666e-05, 1.4030031999999748e-05, 1.1030032000000078e-05]"
PERL,"[5.731680000000197e-07, 5.705359999999895e-07, 5.707240000000016e-07, 5.703479999999775e-07, 5.731680000000197e-07, 5.731680000000197e-07, 6.19603999999982e-07, 6.160319999999955e-07, 6.331399999999834e-07, 6.690479999999638e-07, 6.714919999999818e-07, 6.754399999999924e-07, 6.927359999999924e-07, 6.927359999999924e-07]"
CHZ,"[6.157640000000082e-07, 6.443779999999906e-07, 6.44476999999994e-07, 6.442789999999872e-07, 6.457640000000035e-07, 6.457640000000035e-07, 6.702169999999938e-07, 6.683359999999986e-07, 6.773449999999959e-07, 6.962539999999865e-07, 7.07541000000006e-07, 7.09620000000008e-07, 7.187280000000087e-07, 6.787280000000035e-07]"
BAND,"[2.6926448000006432e-05, 4.5293148000000725e-05, -5.665921800000362e-05, -8.418662700000467e-05, 5.3989911999998695e-05, 6.232014000000063e-05, 0.00010097141100000151, 2.104617599999692e-05, 8.51973449999921e-05, -6.131221999998715e-06, -2.8271276999989326e-05, 8.622491999999759e-05, -1.8332047999995993e-05, 4.686938399999896e-05]"
BEAM,"[1.975788000000034e-05, 1.9725260000000023e-05, 1.9727589999999905e-05, 1.972292999999986e-05, 1.975788000000034e-05, 1.975788000000034e-05, 2.0333389999999953e-05, 2.028911999999994e-05, 2.050114999999991e-05, 2.0946179999999927e-05, 2.097647000000008e-05, 2.102539999999986e-05, 2.1239759999999997e-05, 2.1239759999999997e-05]"
XTZ,"[-4.787519999998047e-06, -2.706303999999715e-05, -2.7043359999998628e-05, 1.20736999999993e-05, -1.863079999999684e-05, 9.947559999998745e-06, 4.815929999999468e-06, -3.055856000000024e-05, -1.8340000000005573e-07, -3.0830400000025904e-06, -1.3826159999998921e-05, 2.421199999997903e-06, -1.693216000000053e-05, -1.7178000000002135e-05]"
HBAR,"[1.1254240000000206e-06, 1.1214479999999833e-06, 1.1217319999999933e-06, 1.1211639999999731e-06, 1.1254240000000206e-06, 1.1254240000000206e-06, 1.1955720000000198e-06, 1.190176000000001e-06, 1.2160199999999843e-06, 1.2702639999999723e-06, 1.2739559999999996e-06, 1.2799200000000037e-06, 1.3060479999999972e-06, 1.3060479999999972e-06]"
NKN,"[-3.5220799999999275e-07, -3.546160000000159e-07, -3.544440000000093e-07, -3.547880000000225e-07, -3.5220799999999275e-07, -3.5220799999999275e-07, -3.097239999999904e-07, -3.129920000000119e-07, -2.973400000000001e-07, -2.64488000000021e-07, -2.6225200000000446e-07, -2.5864000000000444e-07, -2.4281599999998597e-07, -2.4281599999998597e-07]"
STX,"[-6.73267999999616e-07, -6.919859999998667e-07, -6.906489999999876e-07, -6.933230000000235e-07, -6.73267999999616e-07, -6.73267999999616e-07, -3.4302899999977267e-07, -3.6843199999997414e-07, -2.467649999998711e-07, 8.602000000079712e-09, 3.1427010000001366e-06, 3.170819999999963e-06, 3.294007999999904e-06, 3.294007999999904e-06]"
KAVA,"[7.08779879999999e-05, 7.064442599999943e-05, 7.066110899999866e-05, 7.062774299999797e-05, 7.08779879999999e-05, 6.664664399999909e-05, 7.076635699999834e-05, 7.797839999998946e-06, 1.723259999999449e-06, 3.778662200000005e-05, 3.800381300000266e-05, 3.8354659999999544e-05, 3.98917040000013e-05, 3.98917040000013e-05]"
ARPA,"[9.164479999999864e-07, 9.140959999999823e-07, 9.142639999999702e-07, 1.0139279999999556e-06, 1.0164479999999824e-06, -4.138800000001025e-08, -1.3900000001704215e-10, -3.3120000000191887e-09, 4.1188500000000766e-07, 4.437820000000037e-07, 4.4595300000001977e-07, 4.4946000000000567e-07, 4.648239999999887e-07, 4.648239999999887e-07]"
CTXC,"[-7.821599999999208e-08, 2.026311999999836e-06, 2.0271079999999164e-06, 2.025515999999894e-06, 2.0374559999999933e-06, 2.0374559999999933e-06, 2.2340679999999224e-06, 2.2189439999999174e-06, 1.233224999999949e-06, 1.3850699999998218e-06, 1.395404999999933e-06, 1.4120999999998884e-06, 1.485239999999971e-06, 1.485239999999971e-06]"
TROY,"[2.897360000000005e-07, 2.8937199999999783e-07, 2.89397999999998e-07, 2.893459999999976e-07, 2.897360000000005e-07, 2.897360000000005e-07, 2.9615800000000034e-07, 2.956639999999967e-07, 2.9802999999999685e-07, 3.029959999999946e-07, 3.033339999999971e-07, 3.038799999999968e-07, 3.062719999999972e-07, 3.062719999999972e-07]"
VITE,"[-4.716159999999976e-07, -4.7363200000000857e-07, -4.7348800000001147e-07, -4.7377600000002297e-07, -4.716159999999976e-07, -4.716159999999976e-07, -4.360480000000118e-07, -4.38784000000008e-07, -4.2568000000001507e-07, -3.981760000000209e-07, -3.96304000000007e-07, -3.9328000000001666e-07, -3.800320000000093e-07, -3.800320000000093e-07]"
FTT,"[9.016920000006756e-06, 8.56934000000198e-06, -1.3986899999984815e-06, -1.4626299999997982e-06, -9.830799999965833e-07, -9.830799999965833e-07, 6.913509999999512e-06, -3.6939200000007945e-06, -7.846500000008305e-07, 5.3216199999983615e-06, 5.7372300000002595e-06, 6.408599999998543e-06, 9.349840000001387e-06, 9.349840000001387e-06]"
OGN,"[8.414456000000181e-06, 9.450633999999736e-06, 9.452180999999782e-06, 2.4490869999999054e-06, 2.4722920000000426e-06, 2.4722920000000426e-06, 2.854401000000062e-06, 2.8250080000000176e-06, 2.9657849999997767e-06, 2.2029160000000548e-06, 2.2230140000001344e-06, 2.2554800000001983e-06, -1.8361759999999116e-06, -1.8361759999999116e-06]"
DREP,"[2.9858800000000066e-07, 2.9812599999999924e-07, 1.6815899999999758e-07, 1.6809299999999677e-07, 1.6858800000000077e-07, 1.6858800000000077e-07, 1.767390000000004e-07, 1.761119999999991e-07, 1.7911499999999966e-07, 1.8541799999999796e-07, 1.8584700000000115e-07, 1.8653999999999892e-07, 1.8957599999999773e-07, 1.8957599999999773e-07]"
TCT,"[3.615039999999969e-07, 3.606079999999949e-07, -6.971510000000105e-07, -6.9727700000001e-07, -6.963319999999957e-07, -6.963319999999957e-07, -6.807710000000019e-07, -6.819680000000067e-07, -6.762350000000076e-07, -6.642020000000113e-07, -6.633830000000052e-07, -6.620600000000095e-07, -6.562640000000105e-07, -6.562640000000105e-07]"
WRX,"[2.2440399999990034e-07, 2.1265799999989343e-07, 2.1349699999992366e-07, 2.118189999998632e-07, 2.2440399999990034e-07, 2.2440399999990034e-07, 4.3163699999987373e-07, 4.156959999998544e-07, 4.920449999998299e-07, 6.522939999997757e-07, 6.632009999998911e-07, 6.808199999998321e-07, 7.580079999998379e-07, 7.580079999998379e-07]"
LTO,"[1.7471119999999673e-06, 1.7395239999998952e-06, 1.7400659999999153e-06, 1.7389819999998752e-06, 1.4471120000000142e-06, 1.4471120000000142e-06, 1.4809859999999343e-06, 1.47068799999997e-06, 1.320009999999927e-06, 1.4235319999999357e-06, 1.4305779999999879e-06, 1.2419599999999308e-06, 1.2918239999999692e-06, 1.2918239999999692e-06]"
MBL,"[2.497040000000016e-07, 2.4950799999999985e-07, 2.495220000000003e-07, 2.494939999999994e-07, 2.497040000000016e-07, 2.497040000000016e-07, 2.5316200000000124e-07, 2.528959999999994e-07, 2.5417000000000016e-07, 2.568439999999991e-07, 2.570260000000005e-07, 2.573199999999988e-07, 2.58608e-07, 2.58608e-07]"
COTI,"[2.578840000000068e-07, 8.541180000000079e-07, 8.543869999999912e-07, 8.538489999999899e-07, 5.578839999999946e-07, 5.578839999999946e-07, 6.24327000000001e-07, 3.192159999999833e-07, 7.018499999999692e-07, 3.5341999999997236e-07, 2.5693000000000245e-07, 2.6260000000000173e-07, 2.8744000000000687e-07, 2.8744000000000687e-07]"
STPT,"[-1.3727319999999945e-06, -1.3750140000000008e-06, -1.3748510000000103e-06, -1.3751769999999913e-06, -1.3727319999999945e-06, -1.5727319999999865e-06, -1.5324709999999659e-06, -1.5355679999999942e-06, -1.5207349999999884e-06, -1.4896019999999927e-06, -1.487482999999977e-06, -1.4840600000000024e-06, -1.469064000000006e-06, -1.469064000000006e-06]"
SOL,"[3.192533600000047e-05, 3.163657199999559e-05, 2.954155199999864e-05, -4.8499696000003925e-05, 9.990643999997495e-06, -2.703388000000473e-06, 2.401360999999547e-06, 7.299007999996831e-06, 1.8703554999999206e-05, 3.4112276000000105e-05, 5.449027499999648e-05, 7.820985999999585e-05, 0.00011504815999999973, 0.00011187274399999669]"
CTSI,"[-3.6002000000000256e-07, -1.1642900000000122e-06, -1.163985000000034e-06, -1.1645949999999906e-06, -1.16001999999997e-06, -1.16001999999997e-06, -1.0846850000000019e-06, -1.0904800000000047e-06, 2.372749999999396e-07, 2.955299999999467e-07, -7.005049999999486e-07, 4.059000000000007e-07, 4.33960000000011e-07, 4.33960000000011e-07]"
HIVE,"[5.095560000001331e-07, 4.917620000000067e-07, -5.069670000001913e-07, 4.3266999999985735e-07, 4.517200000000998e-07, 4.517200000000998e-07, 7.65410000000133e-07, 7.412800000000664e-07, 8.568500000000201e-07, 1.0994200000000175e-06, 1.1159299999999318e-06, 1.1426000000000492e-06, 1.2594399999998895e-06, 1.2594399999998895e-06]"
CHR,"[8.974280000000056e-07, 1.45212799999999e-06, 1.452351999999997e-06, 1.451903999999983e-06, 1.955264000000033e-06, 1.955264000000033e-06, 2.0105920000000263e-06, 2.0063359999999974e-06, -8.959000000002825e-08, -4.7188000000045196e-08, -4.430199999998913e-08, -3.9640000000021324e-08, -1.921600000003021e-08, -1.3192160000000466e-06]"
MDT,"[3.824840000000128e-07, 3.808179999999911e-07, 3.809370000000013e-07, 3.8069899999999824e-07, 3.824840000000128e-07, 3.824840000000128e-07, 4.1187700000000495e-07, 4.096160000000015e-07, 4.20444999999995e-07, 4.4317399999998716e-07, 4.447209999999986e-07, -7.527800000000153e-07, -7.418320000000117e-07, -7.418320000000117e-07]"
STMX,"[8.688840000000016e-07, 8.686179999999977e-07, 8.686369999999998e-07, 8.685989999999998e-07, 8.688840000000016e-07, 8.688840000000016e-07, 8.735770000000017e-07, 8.73216e-07, 8.749449999999998e-07, 8.78573999999997e-07, 8.788209999999988e-07, 8.792200000000004e-07, 8.809679999999981e-07, 8.809679999999981e-07]"
PNT,"[8.34206000000004e-06, 8.291869999999535e-06, 8.295454999999174e-06, 8.28828499999934e-06, 8.34206000000004e-06, 8.34206000000004e-06, 9.227554999999276e-06, 9.159439999999463e-06, 9.485674999999417e-06, 1.0170409999999408e-05, 1.0217014999999719e-05, 1.0292299999999366e-05, 1.0622119999999513e-05, 1.0622119999999513e-05]"
DGB,"[-1.7712279999999858e-06, -1.77440600000002e-06, 3.4146700000001193e-07, 3.410090000000032e-07, 3.44444000000034e-07, 3.44444000000034e-07, 7.010069999999896e-07, 6.966559999999761e-07, 7.174949999999916e-07, 7.612339999999926e-07, 7.642110000000146e-07, 7.690199999999675e-07, 7.900879999999875e-07, 7.900879999999875e-07]"
COMP,"[0.0012281592000000785, 0.0008145483999999214, 0.0008155205999999282, -0.0006864238000001421, -0.0006718407999998987, -0.0006718407999998987, -0.0004317073999999366, -0.00027018080000004827, -0.0012418565000001536, -0.0015551158000000954, -0.0015424056999999891, -0.00192187400000023, -0.0006670087999999907, -0.0009851480000000379]"
SXP,"[-5.895507999997829e-06, 6.651397999999365e-06, -3.338093000002651e-06, -3.359111000003079e-06, -3.20147600000098e-06, -3.20147600000098e-06, -6.057530000003197e-07, -8.054240000010538e-07, 6.023219999999885e-06, -1.1966696000000887e-05, -1.8298839999997262e-06, -1.1608880000000266e-05, 2.100251999999969e-05, -1.816094400000079e-05]"
SNX,"[-7.909855999999937e-05, -7.95611200000046e-05, -7.9528080000002e-05, -7.959416000000275e-05, -7.909855999999937e-05, -7.909855999999937e-05, -7.093767999999834e-05, -7.15654400000032e-05, -6.855880000000258e-05, 4.65037399999968e-05, 4.693521000000089e-05, 4.763219999999624e-05, -4.9314320000002356e-05, 7.536344000000028e-05]"
IRIS,"[4.071800000000209e-07, -2.1998900000000377e-06, -2.1993850000000257e-06, -2.2003950000000493e-06, -2.192820000000012e-06, -2.192820000000012e-06, -2.068085000000025e-06, -2.07768000000004e-06, -2.031725000000012e-06, -1.9352700000000584e-06, -1.928704999999975e-06, -1.9181000000000753e-06, -1.8716400000000354e-06, -1.8716400000000354e-06]"
MKR,"[0.0013366912000003595, 0.007298247799999444, 0.007303112700000156, -0.0019671775000006165, 0.0032579623999993146, 0.0032579623999993146, 0.004461692200000016, 0.004369097599999349, 0.00481257699999901, 0.005743396399999483, 0.005806750599999759, 0.005909091999999418, 0.006357444799999712, 0.006357444799999712]"
DAI,"[0.0, 0.0, 0.0, 0.0, 0.0, 0.0, 0.0, 0.0, 0.0, 0.0, 0.0, 0.0, 0.0, 0.0]"
RUNE,"[4.427940000000241e-06, 4.3731299999999476e-06, 4.377045000000246e-06, 4.369214999999649e-06, 4.427940000000241e-06, 4.427940000000241e-06, 5.394945000000151e-06, -2.1568640000002582e-06, 1.2258374999999378e-05, 1.300804999999905e-05, 1.3059074999999809e-05, 2.055015999999965e-05, 2.0911903999999983e-05, 2.0911903999999983e-05]"
FIO,"[-2.293079999998726e-07, -2.425659999999441e-07, -2.4161899999999845e-07, -2.435130000000285e-07, -2.293079999998726e-07, -2.293079999998726e-07, 4.601000000159505e-09, -1.3391999999917692e-08, 1.0727850000000205e-06, 1.953159999998344e-07, 2.0761399999999486e-07, 2.274799999998911e-07, 3.1451199999990575e-07, 2.314511999999824e-06]"
BAL,"[0.00010280228000000946, 0.00010104905999998693, 0.00019117428999999576, 0.0001909238300000027, 0.00019280228000001287, -0.0002852947599999744, -0.00025439752999998786, -0.00025677423999999506, -0.00046539104999999026, 1.534030000000186e-05, 0.00015455912000000182, 0.0001571983999999915, 0.00016876095999998953, 0.00016876095999998953]"
YFI,"[0.15939129200000024, 0.06988425999999891, -0.024126520000027084, 0.0020650169999862555, -0.05552399199998035, -0.33034863999999287, -0.05547534500001348, 0.055358255999981336, -0.16924322500000927, -0.13565753400000177, 0.5363551329999973, 0.18142517999996927, 0.1154797999999937, 0.12907979999998134]"
JST,"[-5.18199999999594e-08, -5.5390000000023196e-08, -5.513499999998395e-08, 3.4435499999999065e-07, 3.48180000000059e-07, 3.48180000000059e-07, 4.1116500000003967e-07, 4.063200000000225e-07, 2.9525000000002466e-08, 7.823000000000551e-08, 8.154500000003006e-08, 8.6899999999987e-08, 1.103599999999899e-07, -1.8963999999999788e-07]"
SRM,"[3.210652799999991e-05, 1.9462559999983144e-06, 6.957704000001285e-06, 1.2934808000000243e-05, 1.0106528000000114e-05, -4.718319999996723e-07, -1.4646646000000541e-05, -4.81881600000067e-06, -1.2183404999999147e-05, -8.704916000001895e-06, -8.556014000000722e-06, -5.315480000001038e-06, 2.8550919999998925e-05, 2.8550919999998925e-05]"
ANT,"[-5.63615999999989e-06, -6.0763200000035765e-06, -6.044880000000141e-06, -6.1077600000025715e-06, -7.63615999999967e-06, -7.63615999999967e-06, 1.2952000000066022e-07, -4.6784000000243965e-07, 2.393199999999318e-06, 8.398239999998224e-06, -6.319304000000247e-05, -6.253280000000139e-05, -5.9640320000005076e-05, -5.9640320000005076e-05]"
CRV,"[-8.413399999999683e-06, 2.6821399999993333e-06, -7.313490000000477e-06, -1.732223000000088e-05, -1.7256680000000134e-05, -1.7256680000000134e-05, 4.984370000000183e-06, 4.320319999999711e-06, 5.30044999999979e-06, -3.277600000000658e-06, 6.779599999999775e-06, 6.871999999999434e-06, -3.3079200000002417e-06, -3.3079200000002417e-06]"
SAND,"[7.790800000004317e-08, 1.2266000000010769e-08, 1.2669000000048447e-08, 1.186299999997309e-08, 1.790800000005255e-08, 1.790800000005255e-08, 1.1744900000006109e-07, 1.0979200000003908e-07, 1.464649999999984e-07, 2.234379999999786e-07, -8.296820000000538e-07, -8.21240000000098e-07, -7.842560000000804e-07, -7.842560000000804e-07]"
OCEAN,"[5.423964000000336e-06, 5.388277999999746e-06, -2.6091729999994094e-06, -2.6142709999998903e-06, -2.5760359999993378e-06, -2.5760359999993378e-06, -1.9464329999996366e-06, -1.9948639999994854e-06, -1.7629049999995371e-06, 8.406460000004445e-07, 8.738090000004473e-07, 9.273800000003662e-07, 1.1620720000005137e-06, 1.1620720000005137e-06]"
NMR,"[2.7098000000016497e-05, 2.352099999999524e-05, 2.377649999999676e-05, 2.326549999999372e-05, 2.7098000000016497e-05, 2.7098000000016497e-05, 9.020650000000075e-05, 8.535200000000742e-05, 0.00010860250000000349, 0.00015740299999997376, 0.000160724500000029, 0.00016608999999998987, 0.00018959599999998744, 0.00018959599999998744]"
DOT,"[-2.6370567999993712e-05, -3.1281760000023693e-06, 1.3907015999996552e-05, 1.4836631999992633e-05, -2.0635488000002588e-05, 2.5347724000002182e-05, 3.204434700000203e-05, -2.4311040000002393e-06, 3.7499839999992626e-05, 4.953921799999428e-05, 2.02223799999679e-06, -1.623684000000125e-05, -1.3990896000000142e-05, -2.399089599999904e-05]"
LUNA,"[1.593784000000209e-06, 1.5546680000000367e-06, 1.5574619999997318e-06, 1.5518739999997866e-06, 1.593784000000209e-06, 1.593784000000209e-06, 2.2839019999998377e-06, 2.23081600000008e-06, 2.485070000000089e-06, 3.018723999999584e-06, 3.0550460000000614e-06, 3.1137199999997646e-06, 3.370768000000024e-06, 2.312295999999936e-06]"
RSR,"[3.641920000000028e-07, 3.631839999999973e-07, 3.6325599999999585e-07, 3.631119999999901e-07, 3.641920000000028e-07, 3.641920000000028e-07, 3.819759999999957e-07, 3.806079999999976e-07, 3.8715999999999405e-07, 4.009119999999911e-07, 4.0184799999999805e-07, 4.0335999999999326e-07, 4.099839999999969e-07, 4.099839999999969e-07]"
PAXG,"[-0.02260052000000087, -0.02285154000000375, -0.02283361000000241, -0.02286947000000282, -0.02260052000000087, -0.02260052000000087, -0.018171810000001187, -0.018512480000001687, -0.016880850000002282, -0.01345622000000276, -0.013223130000001219, -0.012846600000002581, -0.011197040000001834, -0.011197040000001834]"
WNXM,"[0.0007218384000000455, 0.0007181368000000177, 0.0007184012000000095, 0.0007178723999999903, 0.0007218384000000455, 0.0007218384000000455, 0.000787145200000019, 0.0007821215999999964, 0.001229444000000015, 0.0012800208000000167, 0.001177627300000026, 0.001183185999999985, 0.0013133856000000321, 0.00120753839999999]"
TRB,"[0.00010782120000000006, 0.0002118296000000086, -8.043600000000595e-06, -8.297200000004778e-06, -6.395199999982282e-06, -6.395199999982282e-06, 2.4924400000010393e-05, 2.2515199999997294e-05, -0.0001452375000000039, 0.00021328039999998438, 0.00013326479999999918, 0.0001359359999999832, 0.00014763839999998752, 0.0003376383999999888]"
BZRX,"[4.721960000000913e-07, 4.5804199999999184e-07, 4.590529999999593e-07, 4.5703099999988564e-07, 2.5878680000000764e-06, 2.5878680000000764e-06, 2.8380790000000212e-06, 9.34959999999846e-07, 1.4363499999989203e-07, -6.621180000002114e-07, 4.678210000000349e-07, 4.892199999999292e-07, 5.829679999999615e-07, 5.829679999999615e-07]"
SUSHI,"[6.94128000000016e-06, 6.864559999999465e-06, -3.129960000000098e-06, -3.1409199999998806e-06, 7.519640000001049e-06, -1.9019999999991821e-06, -5.43499999999808e-07, 9.352000000000249e-06, 4.3404999999996363e-07, 2.069919999999614e-06, 2.141680000000701e-06, 2.2575999999996377e-06, 2.2765439999999915e-05, 2.180720000000136e-06]"
YFII,"[0.002663732000003165, 0.012646199999999226, -0.010841700000000856, -0.0003659000000016022, 0.016815599999999903, 0.013803663999999572, 0.0032467899999983276, -0.000641760000000886, 0.013730704999998124, -0.0329786480000007, -0.008519891999999345, 0.015735999999997148, 0.014658400000000711, 0.027958399999999984]"
KSM,"[0.0010047447999999904, 0.001001359599999958, 0.0010016013999999628, 0.0010011177999999532, 0.0010047447999999904, 0.0014278791999999996, 9.057809999998057e-05, 8.600479999998356e-05, 0.00010790849999995799, 0.00015388219999998398, 0.00015701130000000062, 0.0001620659999999674, 0.00018421039999996224, -2.7484000000015385e-05]"
EGLD,"[7.728760000000001e-05, 7.639019999999163e-05, -6.354570000000947e-05, -6.367390000001195e-05, -6.271240000000234e-05, -6.271240000000234e-05, -4.6879699999999855e-05, -2.291200000001936e-06, -9.644900000000512e-05, -5.835220000000696e-05, -5.7516299999997856e-05, -5.616600000000638e-05, 5.559680000000178e-05, 5.559680000000178e-05]"
DIA,"[2.1512840000000865e-05, 2.1384179999999197e-05, 2.139336999999908e-05, -8.62501000000071e-06, -8.487159999999161e-06, -8.487159999999161e-06, -6.21722999999963e-06, -6.391840000000704e-06, -5.555550000000409e-06, -3.800260000000888e-06, -3.6807900000002115e-06, -3.487800000000485e-06, 7.3576799999997e-06, 7.3576799999997e-06]"
UMA,"[2.930120000000258e-05, 2.8507399999995186e-05, 2.8564099999996984e-05, 2.8450699999993388e-05, 2.930120000000258e-05, 2.930120000000258e-05, 4.3306100000002347e-05, 4.222879999999485e-05, 4.7388499999998505e-05, 5.8218199999995336e-05, 5.895530000000093e-05, 6.014599999999426e-05, 6.53623999999997e-05, 6.53623999999997e-05]"
BEL,"[1.3165920000002274e-05, 1.3029840000000625e-05, 1.303956000000106e-05, -1.0251942000001346e-05, -1.0106471999999923e-05, -1.0106471999999923e-05, -7.711066000000156e-06, -1.889532800000149e-05, -5.7012810000001136e-05, -8.593268000001152e-06, -8.466622000000701e-06, -8.262040000002191e-06, -7.365776000001212e-06, -4.664618400000098e-05]"
WING,"[9.92864000000182e-05, 9.673280000001228e-05, 9.691520000000509e-05, 2.655039999996944e-05, 2.9286400000003708e-05, -8.866120000000421e-05, -4.338610000001353e-05, -4.686880000001281e-05, -3.018850000003681e-05, -0.0005243512000000194, 0.0004980252000000007, 0.0005018639999999763, 0.0005186815999999794, 0.0005186815999999794]"
UNI,"[3.729931999999714e-05, 4.494413999999836e-05, 3.696950999999782e-05, 2.9687485999998487e-05, 5.6456040000001375e-05, 1.2034399999998336e-05, 1.8308199999999e-05, -4.4258288000000864e-05, -4.1943885000002015e-05, -4.9086182000004366e-05, 6.029884999998459e-06, 1.0760399999965032e-06, -1.034424000003753e-06, -6.034424000000982e-06]"
NBS,"[-1.0033479999999907e-06, -1.0041460000000026e-06, -1.0040889999999961e-06, -1.0042030000000004e-06, -1.0033479999999907e-06, -1.0033479999999907e-06, -9.892689999999991e-07, -9.903519999999998e-07, -9.851649999999962e-07, -9.742780000000004e-07, -9.735369999999948e-07, -9.723399999999986e-07, -9.670959999999972e-07, -9.670959999999972e-07]"
OXT,"[3.5190640000001827e-06, 3.4872279999997867e-06, 3.4895019999997555e-06, 3.484953999999818e-06, 3.5190640000001827e-06, 3.5190640000001827e-06, 4.080741999999971e-06, 4.037535999999731e-06, 7.4189349999997935e-06, 7.853841999999889e-06, 7.883443000000213e-06, 7.931260000000051e-06, 8.140744000000032e-06, 8.140744000000032e-06]"
SUN,"[-8.900560000000723e-05, -9.090120000001533e-05, -9.07658000000211e-05, -9.103660000002734e-05, -8.900560000000723e-05, -8.900560000000723e-05, -5.5561800000010206e-05, -5.813440000002501e-05, -4.5813000000016754e-05, -1.9951600000016613e-05, -1.8191400000002744e-05, -1.5348000000017238e-05, -2.8912000000147485e-06, -2.8912000000147485e-06]"
AVAX,"[-0.00014546274799999813, -2.1845559999977836e-06, -3.330539999999438e-06, -3.392579999998979e-06, -2.9272799999979783e-06, -1.7927279999998545e-05, -1.0265339999997458e-05, -1.0854720000001983e-05, 0.00016386448499999595, 0.00016980210199999847, 0.00017020623300000092, 0.00017085905999999706, 0.0001737190639999975, 0.0001737190639999975]"
HNT,"[4.5636079999999966e-05, 4.5499159999999875e-05, 4.550894000000083e-05, 4.548937999999891e-05, 4.5636079999999966e-05, 4.5636079999999966e-05, 4.8051740000001344e-05, 4.786591999999867e-05, 4.8755899999999294e-05, -3.9376119999998684e-05, -4.9248980000000665e-05, 4.562680000000041e-05, 4.653392000000034e-05, 4.653392000000034e-05]"
FLM,"[3.2858760000004095e-06, -4.747598000000575e-06, 1.2547929999995323e-06, 1.2500109999996622e-06, 4.401548000000366e-06, 6.690728000000035e-06, 7.283034000000188e-06, 2.889087999999873e-06, 8.39753499999929e-06, 9.913707999999466e-06, 5.061600000000333e-06, 8.11200000000012e-06, 1.3327999999995788e-06, -9.134975999999794e-06]"
ORN,"[3.82192800000003e-05, -1.4895540000001705e-05, -9.950545000000144e-05, -9.953715000000197e-05, -9.687775999999814e-05, -9.487775999999837e-05, -3.8061129999999996e-05, -3.836304000000012e-05, -3.691705000000045e-05, -2.788206000000182e-05, -2.767548999999869e-05, -4.850940000000081e-05, -4.704936000000215e-05, -4.704936000000215e-05]"
UTK,"[-5.471811999999826e-06, -5.48767399999997e-06, -5.486541000000039e-06, -5.48880700000004e-06, -5.471811999999826e-06, -5.471811999999826e-06, -5.1919609999999394e-06, -5.213488000000016e-06, -5.110385000000051e-06, -8.939820000000709e-07, -8.792529999999965e-07, 2.3196799999999906e-06, 2.424191999999964e-06, 2.424191999999964e-06]"
XVS,"[3.334396000000073e-05, 5.242120000000128e-05, 2.5336949999994472e-05, 9.239659999999983e-05, 9.276560000000434e-05, 0.00012450068000000592, 0.00013058429000000426, 0.00010895504000000056, 4.0612999999996014e-05, 5.895059999998509e-06, 6.2149900000019185e-06, 4.6731799999997214e-05, 3.8995920000002296e-05, 3.8995920000002296e-05]"